Date,Date_YMD,Status,TT,AN,AP,AR,AS,BR,CH,CT,DN,DD,DL,GA,GJ,HR,HP,JK,JH,KA,KL,LA,LD,MP,MH,MN,ML,MZ,NL,OR,PY,PB,RJ,SK,TN,TG,TR,UP,UT,WB,UN
01-Apr-21,2021-04-01,Confirmed,81398,1,1271,0,58,488,257,4617,17,0,2790,265,2410,1609,409,461,690,4234,2798,18,3,2546,43183,1,2,3,5,394,260,3161,1350,6,2817,887,24,2589,500,1274,0
01-Apr-21,2021-04-01,Recovered,50384,4,464,0,34,158,223,1125,6,0,1121,104,2015,964,157,114,162,1599,1835,7,8,1573,32641,7,1,2,0,121,43,2291,446,6,1634,337,13,510,125,534,0
01-Apr-21,2021-04-01,Deceased,468,0,3,0,2,2,1,34,0,0,9,1,9,9,4,4,1,18,11,0,0,12,249,0,0,0,0,0,1,58,4,0,19,4,0,9,2,2,0
02-Apr-21,2021-04-02,Confirmed,89023,0,1288,1,63,662,287,4174,20,0,3594,280,2640,1861,406,517,694,4991,2508,14,7,2777,47913,5,15,8,16,461,213,2873,1422,4,3290,965,4,2953,364,1733,0
02-Apr-21,2021-04-02,Recovered,44179,1,610,0,38,204,139,1260,6,0,2084,81,2066,1191,285,171,137,1631,2287,3,2,1482,24126,12,1,0,0,218,82,2002,499,3,1715,312,5,782,194,550,0
02-Apr-21,2021-04-02,Deceased,713,0,5,0,0,2,1,43,0,0,14,1,11,10,4,5,1,6,14,0,0,16,481,0,0,0,0,0,1,57,2,0,12,5,0,16,2,4,0
03-Apr-21,2021-04-03,Confirmed,92994,14,1398,3,68,836,310,5818,16,0,3567,219,2815,1959,418,501,873,4373,2541,37,7,2839,49447,9,24,3,1,452,191,2686,1675,6,3446,1078,2,3187,439,1736,0
03-Apr-21,2021-04-03,Recovered,60059,6,787,0,32,255,245,1328,20,0,2904,151,2063,1184,308,140,161,1959,1660,9,11,1791,37821,6,0,0,0,205,137,2781,418,2,1834,331,5,750,176,579,0
03-Apr-21,2021-04-03,Deceased,514,0,9,0,0,2,1,36,0,0,10,2,13,10,4,2,7,19,12,0,0,15,277,0,0,0,0,0,0,49,3,0,14,6,0,14,4,5,0
04-Apr-21,2021-04-04,Confirmed,103794,11,1730,0,69,864,341,5250,25,0,4033,265,2875,1904,404,573,787,4553,2802,29,1,3178,57074,8,16,3,1,471,227,3006,1729,6,3581,1321,14,4136,550,1957,0
04-Apr-21,2021-04-04,Recovered,52840,3,842,0,48,245,352,3076,19,0,2677,167,2024,1110,256,189,148,2060,2173,12,3,2201,27508,7,2,3,0,300,109,2955,587,3,1813,293,0,863,148,644,0
04-Apr-21,2021-04-04,Deceased,477,0,5,0,2,1,1,36,0,0,21,1,14,7,10,3,8,15,10,0,0,11,222,0,0,0,0,1,0,51,2,0,14,5,0,31,2,4,0
05-Apr-21,2021-04-05,Confirmed,96563,7,1326,2,70,935,285,7302,27,0,3548,247,3160,2040,567,442,1086,5279,2357,48,3,3398,47288,5,4,1,2,573,180,2692,2429,6,3672,1097,3,3974,547,1961,0
05-Apr-21,2021-04-05,Recovered,50100,11,911,0,60,349,372,1412,18,0,2936,142,2028,1501,268,241,438,1856,1866,8,8,2064,26252,9,7,5,0,215,95,2515,527,0,1842,268,10,879,323,664,0
05-Apr-21,2021-04-05,Deceased,446,0,5,0,0,3,1,44,0,0,15,2,15,8,6,2,10,32,12,0,0,15,155,0,0,0,0,0,0,72,12,1,11,6,0,13,2,4,0
06-Apr-21,2021-04-06,Confirmed,115312,7,1941,2,92,1080,319,9921,16,0,5100,387,3280,2099,428,561,1264,6150,3502,50,7,3722,55469,7,9,9,0,588,237,2905,2236,23,3645,1498,14,5895,791,2058,0
06-Apr-21,2021-04-06,Recovered,59714,9,835,1,34,267,342,1719,28,0,2330,95,2167,1115,456,230,298,3487,1898,14,0,2203,34256,1,4,1,2,266,139,2350,851,7,1809,245,6,1176,351,722,0
06-Apr-21,2021-04-06,Deceased,630,0,7,0,2,2,2,53,0,0,17,1,17,9,5,2,4,39,14,0,0,18,297,0,0,0,0,0,2,61,13,0,15,6,0,30,7,7,0
07-Apr-21,2021-04-07,Confirmed,126276,8,2331,8,195,1527,399,10310,24,0,5506,527,3575,2366,653,812,1312,6976,3502,59,19,4043,59907,12,5,8,11,791,173,2963,2801,31,3986,1914,21,6002,1109,2390,0
07-Apr-21,2021-04-07,Recovered,59137,10,853,2,31,553,313,3819,24,0,3363,138,2217,1198,226,254,277,2794,1955,12,4,2126,30296,0,1,6,2,246,125,2959,783,1,1824,285,1,1484,88,867,0
07-Apr-21,2021-04-07,Deceased,684,0,11,0,0,3,2,53,0,0,20,2,22,11,9,6,7,35,16,0,0,13,322,0,0,0,0,1,1,62,12,0,17,5,1,40,5,8,0
08-Apr-21,2021-04-08,Confirmed,131878,18,2558,12,245,1911,324,10652,30,0,7437,582,4021,2872,621,835,1882,6570,4353,91,8,4324,56286,16,25,14,5,879,293,3070,3526,6,4276,2055,37,8474,787,2783,0
08-Apr-21,2021-04-08,Recovered,61829,7,915,0,68,328,329,1316,12,0,3687,107,2197,969,260,246,498,2393,2205,32,3,2296,36130,3,1,3,0,228,113,2480,520,2,1869,303,3,1084,265,957,0
08-Apr-21,2021-04-08,Deceased,802,0,6,0,1,4,1,94,0,0,24,2,35,11,6,1,7,36,18,0,0,27,376,1,1,0,0,0,0,56,20,0,19,7,0,39,3,7,0
09-Apr-21,2021-04-09,Confirmed,144945,12,2765,2,281,2174,422,11447,32,0,8521,428,4541,2994,662,808,1925,7955,5063,116,6,4882,58993,12,42,36,7,1282,223,3404,3970,6,5441,2478,32,9587,748,3648,0
09-Apr-21,2021-04-09,Recovered,77263,1,1245,1,38,318,320,2613,18,0,5032,159,2280,1970,501,312,553,3220,2475,64,9,2433,45391,8,6,3,4,310,139,2518,1005,0,1890,363,8,583,327,1146,0
09-Apr-21,2021-04-09,Deceased,773,0,11,0,3,3,4,91,0,0,39,3,42,11,7,4,17,46,22,0,0,23,301,0,0,0,0,1,0,56,12,0,23,5,0,36,5,8,0
10-Apr-21,2021-04-10,Confirmed,152565,14,3309,3,405,3469,398,14098,103,0,7897,540,5011,2937,943,1005,2373,6955,6194,146,10,4986,55411,11,39,25,12,1374,272,3239,4401,22,5989,2909,41,12748,1233,4043,0
10-Apr-21,2021-04-10,Recovered,90328,10,1053,1,79,822,343,4983,15,0,5716,167,2525,1615,373,359,667,3350,2584,91,5,2741,53005,1,4,0,2,403,136,2385,562,2,1952,584,1,2207,317,1268,0
10-Apr-21,2021-04-10,Deceased,838,0,12,0,2,6,3,123,0,0,39,1,49,11,12,6,17,36,17,1,0,24,309,0,0,0,0,2,2,58,18,0,23,6,0,46,3,12,0
11-Apr-21,2021-04-11,Confirmed,169914,15,3495,4,352,3756,402,10521,76,0,10774,525,5469,3440,570,915,2296,10250,6986,15,5,5939,63294,10,28,29,5,1379,306,3039,5105,54,6618,3187,48,15276,1333,4398,0
11-Apr-21,2021-04-11,Recovered,75380,2,1198,0,36,1053,357,5982,20,0,5158,170,2976,1896,506,330,635,2638,2358,14,3,3306,34008,3,40,1,2,459,206,3121,1015,1,2314,787,0,2769,243,1773,0
11-Apr-21,2021-04-11,Deceased,904,0,9,0,1,6,3,122,0,0,48,2,54,16,0,5,21,40,16,0,0,24,349,1,0,0,2,0,2,59,10,0,22,7,0,67,8,10,0
12-Apr-21,2021-04-12,Confirmed,160838,11,3263,6,583,2999,424,13576,111,0,11491,476,6021,3818,1089,991,2366,9579,5692,125,14,6489,51751,18,26,7,11,1741,512,3451,5771,5,6711,2251,10,13604,1334,4511,0
12-Apr-21,2021-04-12,Recovered,96746,10,1091,1,98,636,375,4865,19,0,7665,231,2854,2298,381,418,937,2767,2474,16,1,3117,52312,22,23,10,0,538,232,3407,1291,2,2339,565,2,3197,605,1947,0
12-Apr-21,2021-04-12,Deceased,880,0,11,0,0,6,1,132,0,0,72,2,55,14,9,0,19,52,11,0,0,37,258,0,0,1,0,2,2,52,25,0,19,6,1,72,7,14,0
13-Apr-21,2021-04-13,Confirmed,185297,8,4228,14,590,4157,397,15121,98,0,13468,562,6690,3845,619,1269,2844,8778,7515,165,21,8998,60212,26,87,36,11,1784,418,2980,5528,25,6984,3052,62,17963,1925,4817,0
13-Apr-21,2021-04-13,Recovered,82271,4,1483,0,52,1047,381,4682,21,0,7972,236,2748,2109,408,493,1003,6079,2959,35,9,4070,31624,11,10,1,3,523,209,2612,1251,5,3289,778,7,3474,405,2278,0
13-Apr-21,2021-04-13,Deceased,1026,0,10,0,1,14,1,156,0,0,81,3,67,16,11,3,29,67,20,0,0,40,281,0,0,0,0,2,3,50,28,0,18,7,0,85,13,20,0
14-Apr-21,2021-04-14,Confirmed,199584,38,4157,10,385,4786,421,14250,104,0,17282,473,7410,5398,925,1086,3198,11265,8778,208,11,9720,58952,21,98,30,13,2267,476,3302,6200,21,7819,2157,39,20439,1953,5892,0
14-Apr-21,2021-04-14,Recovered,93425,24,1606,1,106,1189,417,4633,29,0,9952,245,2642,2166,252,372,1798,4364,2642,7,0,3657,39624,6,5,1,102,610,242,3173,1956,0,3464,821,22,4517,483,2297,0
14-Apr-21,2021-04-14,Deceased,1038,1,18,0,3,21,3,120,0,0,104,4,73,18,13,5,31,38,22,1,0,51,278,0,0,0,0,3,2,63,29,0,25,8,0,67,13,24,0
15-Apr-21,2021-04-15,Confirmed,216828,15,5086,8,499,6133,412,15256,103,0,16699,757,8152,5858,1034,1141,3480,14738,8126,186,56,10166,61695,18,97,37,42,2989,413,4311,6658,41,7987,3307,0,22339,2220,6769,0
15-Apr-21,2021-04-15,Recovered,117897,4,1745,6,85,755,409,11988,14,0,13014,182,3023,2743,589,487,1325,3591,2700,72,8,3970,53335,10,3,7,3,837,176,2478,2254,5,4176,897,0,4222,397,2387,0
15-Apr-21,2021-04-15,Deceased,1184,0,14,0,1,24,3,135,2,0,112,5,81,18,11,4,28,66,20,0,0,53,349,0,0,0,0,2,1,50,33,0,29,8,0,104,9,22,0
16-Apr-21,2021-04-16,Confirmed,234002,27,6096,28,573,6253,481,14912,138,0,19486,927,8920,6277,842,1144,3843,14859,10031,245,44,11045,63729,31,121,25,22,3108,531,3891,7359,22,8449,3840,31,27360,2402,6910,0
16-Apr-21,2021-04-16,Recovered,122886,28,2194,2,113,1853,428,12240,25,0,12649,282,3387,2958,484,562,1393,4027,3792,47,11,7496,45335,7,12,5,2,952,220,3129,2791,10,4920,1198,7,6429,1080,2818,0
16-Apr-21,2021-04-16,Deceased,1338,0,20,0,4,13,1,138,0,0,141,6,94,20,9,2,56,78,21,0,0,60,398,0,1,0,1,3,3,50,31,0,33,9,0,103,17,26,0
17-Apr-21,2021-04-17,Confirmed,260895,42,7224,19,876,7870,431,16083,108,0,24375,762,9541,7717,1392,1145,3838,17489,13835,362,106,11269,67123,39,95,62,32,3144,715,4431,9046,72,9344,4446,58,27334,2757,7713,0
17-Apr-21,2021-04-17,Recovered,138209,36,2332,6,149,1804,438,9828,25,0,15414,436,3783,2944,656,852,1234,5564,3654,53,5,6497,56783,14,11,1,0,1303,198,2615,2823,4,5263,1414,11,7831,802,3426,0
17-Apr-21,2021-04-17,Deceased,1498,1,15,0,2,34,2,158,0,0,167,4,97,32,12,3,30,80,27,1,0,66,419,0,0,0,0,4,3,62,37,0,39,12,0,120,37,34,0
18-Apr-21,2021-04-18,Confirmed,275063,59,6582,20,639,8690,625,12345,184,0,25462,951,10340,7177,788,1526,3992,19067,18257,60,114,12248,68631,72,71,50,19,3664,663,4900,10262,105,10723,5093,69,30566,2630,8419,0
18-Apr-21,2021-04-18,Recovered,143839,54,2343,3,159,3460,411,14556,50,0,20159,531,3981,3489,532,963,1551,4603,4565,84,4,7495,45654,7,41,26,8,1309,282,3141,3084,5,5925,1555,7,9041,708,4053,0
18-Apr-21,2021-04-18,Deceased,1620,0,22,0,6,27,3,170,0,0,161,11,110,29,10,6,50,81,25,0,0,66,503,0,1,0,0,2,3,68,42,0,42,15,0,127,12,28,0
19-Apr-21,2021-04-19,Confirmed,257003,31,5963,65,1367,7487,612,13834,121,0,23686,940,11403,6842,1695,1516,4290,15785,13644,175,117,12897,58924,54,110,45,13,4445,565,4622,11967,9,10941,4009,32,28211,2160,8426,0
19-Apr-21,2021-04-19,Recovered,154357,12,2569,11,312,2619,429,12678,78,0,21500,428,4179,3663,593,813,1777,7098,4305,123,17,6836,52412,12,33,9,0,1503,336,3418,2408,3,6172,1878,15,10978,532,4608,0
19-Apr-21,2021-04-19,Deceased,1757,0,27,0,7,41,4,175,0,0,240,17,117,33,13,6,46,146,21,0,0,79,351,1,1,0,0,4,5,83,53,0,44,14,0,167,24,38,0
20-Apr-21,2021-04-20,Confirmed,294365,45,8987,61,1651,10455,602,15625,291,0,28395,1160,12206,7811,1340,2030,5080,21794,19577,250,53,12727,62097,94,137,91,82,4761,638,4656,12201,91,10986,5926,60,29574,3012,9819,0
20-Apr-21,2021-04-20,Recovered,166656,31,3116,15,279,3577,443,18746,75,0,19430,440,4339,3367,1078,716,2334,4571,3880,136,26,8937,54224,4,34,51,0,1740,253,3198,3207,4,6250,2209,16,14391,734,4805,0
20-Apr-21,2021-04-20,Deceased,2021,0,35,0,3,51,4,191,0,0,277,26,121,35,16,8,45,149,28,1,0,77,519,1,0,0,0,5,4,60,64,0,48,18,0,162,27,46,0
21-Apr-21,2021-04-21,Confirmed,315752,24,9716,73,1665,12222,622,14519,251,0,24638,1502,12553,9623,1692,2204,5041,23558,22414,183,191,13107,67468,92,192,90,97,4851,619,4953,14622,50,11681,6542,0,33106,4807,10784,0
21-Apr-21,2021-04-21,Recovered,179434,33,3359,16,297,4774,454,17263,101,0,24600,426,4802,3928,908,733,2331,6412,5431,20,16,9035,54985,22,25,7,4,2009,283,2727,3765,2,7071,2887,0,14198,894,5616,0
21-Apr-21,2021-04-21,Deceased,2101,0,38,0,5,56,2,193,0,0,249,17,125,45,17,13,62,116,22,0,0,75,568,2,3,0,0,5,5,69,62,0,53,20,0,187,34,58,0
22-Apr-21,2021-04-22,Confirmed,332531,37,10759,110,1931,11489,634,16750,359,0,26169,1410,13105,9742,1774,1965,7595,25795,26995,198,145,12384,67013,86,180,73,53,6164,987,5450,14468,124,12652,5567,168,34254,3998,11948,0
22-Apr-21,2021-04-22,Recovered,192317,33,3992,9,398,5308,482,17739,94,0,19609,461,5010,6512,689,791,2373,5624,6370,131,34,9620,62298,25,68,24,2,2165,464,3657,3618,18,7526,2251,74,16514,1744,6590,0
22-Apr-21,2021-04-22,Deceased,2257,1,31,0,10,59,4,207,0,0,306,21,137,55,18,8,106,123,28,1,0,75,568,1,0,0,0,7,4,75,59,1,59,23,0,195,19,56,0
23-Apr-21,2021-04-23,Confirmed,345296,42,11766,134,2384,12672,828,17397,236,0,24331,1420,13804,11854,1189,1937,5741,26962,28447,152,134,13590,66836,104,143,62,89,6215,792,6728,15398,67,13776,6206,40,36605,4339,12876,0
23-Apr-21,2021-04-23,Recovered,220545,49,4441,61,348,6067,476,15254,109,0,23572,596,5618,6334,772,1019,3205,8697,5663,159,17,10833,74045,27,38,5,1,2452,383,3294,5197,14,8078,3052,46,22566,1179,6878,0
23-Apr-21,2021-04-23,Deceased,2620,0,38,0,12,54,3,219,0,0,348,12,142,60,26,19,63,190,27,0,0,74,773,0,0,0,0,8,2,75,64,0,78,29,0,196,49,59,0
24-Apr-21,2021-04-24,Confirmed,348996,45,11698,116,2236,12359,711,16731,251,0,24103,1540,14097,10491,2073,2030,5152,29438,26685,148,157,12918,67160,130,155,63,114,6647,899,5663,15355,121,14842,7432,127,37944,5084,14281,0
24-Apr-21,2021-04-24,Recovered,215809,52,4421,19,619,6741,428,17029,118,0,22695,485,6479,5104,877,944,2865,9058,7067,209,33,11091,63818,13,148,32,0,3464,453,2949,4959,14,9142,2157,45,23231,1466,7584,0
24-Apr-21,2021-04-24,Deceased,2761,1,37,0,14,77,3,218,0,0,357,17,152,60,24,15,110,208,25,1,0,104,676,2,1,0,1,8,9,92,74,0,80,33,0,222,81,59,0
25-Apr-21,2021-04-25,Confirmed,354658,51,12634,61,1844,12795,749,12666,208,0,22933,2293,14296,10985,1363,2381,5903,34804,28469,120,164,13601,66191,140,208,105,180,6116,1008,6980,15809,148,15659,8126,100,35311,4368,15889,0
25-Apr-21,2021-04-25,Recovered,218626,57,4304,28,558,7533,413,11595,106,0,21071,658,6727,6057,1161,866,3287,6982,8122,63,29,11324,61450,38,62,34,15,3464,476,5315,6649,4,11065,3307,18,25633,1748,8407,0
25-Apr-21,2021-04-25,Deceased,2808,0,69,2,14,68,2,199,0,0,350,24,157,64,32,21,103,143,30,2,0,92,832,2,2,1,3,7,11,76,74,1,82,38,0,206,44,57,0
26-Apr-21,2021-04-26,Confirmed,319471,51,9881,168,3137,11801,821,15084,138,0,20201,2321,14340,11504,1692,2135,5541,29744,21890,145,121,12686,48700,146,130,22,55,6599,747,6276,16438,23,15684,6551,98,33551,5058,15992,0
26-Apr-21,2021-04-26,Recovered,249009,53,4431,25,828,9228,477,17341,123,0,22055,712,7727,6211,921,1067,4018,10663,7943,315,119,11612,71736,36,114,60,3,4180,515,4438,6416,20,13625,3840,62,26719,1601,9775,0
26-Apr-21,2021-04-26,Deceased,2762,0,51,0,15,67,5,226,0,0,380,38,158,75,27,25,124,201,28,0,0,88,524,5,1,0,0,9,10,98,84,2,94,43,0,249,67,68,0
27-Apr-21,2021-04-27,Confirmed,362913,48,11434,123,3132,12604,837,14893,217,0,24149,2110,14352,11931,2157,3164,6126,31830,32819,140,154,13417,66358,175,147,103,207,6073,1021,5916,16089,97,15830,10122,111,32921,5703,16403,0
27-Apr-21,2021-04-27,Recovered,262349,42,7055,28,955,7904,426,16931,190,0,17862,748,7803,7184,1305,1457,4247,10793,18413,293,131,11577,67752,50,90,12,16,4089,690,3774,7426,40,14043,6446,44,30398,1471,10664,0
27-Apr-21,2021-04-27,Deceased,3286,0,64,0,18,85,6,246,0,0,381,31,170,84,24,25,131,180,32,1,0,98,895,3,4,0,0,10,13,100,121,2,77,52,0,264,96,73,0
28-Apr-21,2021-04-28,Confirmed,379404,52,14669,165,3045,13374,772,15563,186,0,25986,3101,14120,12444,2539,3023,8075,39047,35013,116,103,12758,63309,259,159,228,124,8386,1258,6904,16613,151,16665,8061,124,29751,6054,17207,0
28-Apr-21,2021-04-28,Recovered,274171,44,6433,17,1098,8818,435,15506,221,0,24130,839,8595,7618,1552,963,4362,11833,15505,137,138,14156,61181,59,138,49,32,4521,632,5272,8303,21,15114,5093,35,35903,3485,11933,0
28-Apr-21,2021-04-28,Deceased,3646,1,71,0,22,84,11,279,0,0,368,24,174,95,33,30,149,229,41,0,0,105,1035,2,2,0,2,10,10,142,120,1,98,56,2,265,108,77,0
29-Apr-21,2021-04-29,Confirmed,386773,59,14792,194,3079,13089,801,15804,216,0,24235,3019,14327,13947,3040,3474,5961,35024,38607,108,158,12762,66159,314,187,138,181,6998,1122,6724,17269,170,17897,7994,166,35104,6251,17403,0
29-Apr-21,2021-04-29,Recovered,291727,37,8188,47,1797,10926,447,16489,138,0,25615,914,9544,9535,1241,1617,4755,14142,21116,192,45,13363,68537,314,129,90,29,4679,565,5059,10964,22,15542,4009,13,25613,3129,12885,0
29-Apr-21,2021-04-29,Deceased,3502,0,57,1,26,89,8,251,0,0,395,36,180,97,40,26,145,270,48,1,3,95,771,5,2,0,0,12,12,137,158,3,107,58,0,295,85,89,0
30-Apr-21,2021-04-30,Confirmed,402014,74,17354,163,3197,15853,724,14994,192,0,27047,3024,14605,13833,2358,3532,5961,48296,37199,103,105,12400,62919,271,229,140,226,8681,1195,6063,17155,205,18692,7646,141,34372,5654,17411,0
30-Apr-21,2021-04-30,Recovered,299198,58,8468,49,2449,11194,457,13677,325,0,25288,955,10180,9348,1734,1287,4002,14884,17500,247,56,13584,69710,74,166,44,12,5014,653,5106,10034,19,16007,5926,50,32494,4215,13932,0
30-Apr-21,2021-04-30,Deceased,3525,0,64,0,26,80,13,269,0,0,375,22,173,98,37,30,120,217,49,3,0,97,828,5,2,2,4,14,12,113,155,1,113,53,0,332,122,96,0
01-May-21,2021-05-01,Confirmed,392576,97,19412,217,3453,13789,799,15902,212,0,25219,2303,13847,13588,2751,3832,6323,40990,35636,117,156,12379,63282,319,262,113,158,10413,1379,7017,17652,259,19588,7754,173,30180,5493,17512,0
01-May-21,2021-05-01,Recovered,308688,72,11579,56,2229,10905,472,13532,280,0,27421,1310,10582,8509,1224,1801,5433,18341,15493,166,41,14562,61326,79,192,0,44,5634,623,4448,11676,41,17164,6542,67,38826,3644,14374,0
01-May-21,2021-05-01,Deceased,3685,1,61,0,23,82,11,229,0,0,412,54,172,125,28,47,169,271,48,1,0,102,802,5,3,0,3,11,12,138,160,1,147,51,2,304,107,103,0
02-May-21,2021-05-02,Confirmed,370090,38,23920,102,2385,13534,860,11825,161,0,20394,2030,12978,13322,2453,3571,4738,37733,31959,140,87,12662,56647,256,321,152,216,8015,1360,7280,18298,230,20768,7430,247,30857,5606,17515,0
02-May-21,2021-05-02,Recovered,300004,25,11411,83,2831,11694,483,12358,260,0,24444,1255,11146,10423,1614,1453,4541,21148,16296,193,275,13890,51356,80,154,120,27,6527,987,5244,11262,68,17576,5567,41,36650,2935,15587,0
02-May-21,2021-05-02,Deceased,3423,1,83,0,30,97,7,199,0,0,407,52,153,145,44,40,115,217,49,1,0,94,669,5,5,1,2,14,16,157,159,1,153,56,0,288,71,92,0
03-May-21,2021-05-03,Confirmed,355769,66,18972,220,4489,11407,890,15274,119,0,18043,2703,12820,12885,2630,3733,6899,44438,26011,89,70,12062,48621,362,246,74,101,8914,799,6772,17296,27,20952,5695,134,29052,5403,17501,0
03-May-21,2021-05-03,Recovered,318910,52,10227,90,2534,13603,528,14398,226,0,20293,1425,11999,13293,1531,1536,5614,20901,19519,149,109,13408,59500,107,177,66,30,6488,790,6016,11949,100,18016,6206,62,38687,3344,15937,0
03-May-21,2021-05-03,Deceased,3439,1,71,0,29,82,11,266,0,0,448,46,140,140,43,51,129,239,45,3,2,93,567,7,6,1,6,5,15,155,154,1,122,49,1,285,128,98,0
04-May-21,2021-05-04,Confirmed,382847,31,20034,234,4475,14794,780,15785,192,0,19953,2814,13050,15786,3824,4650,5974,44631,37190,245,169,12236,51880,433,339,198,266,8216,1138,7514,16974,230,21228,6876,271,25770,7028,17639,0
04-May-21,2021-05-04,Recovered,337699,29,12207,138,2851,11926,542,12093,229,0,18788,1870,12121,11525,1992,1878,5811,24714,26148,151,210,11249,65934,111,204,56,32,6164,886,6115,14146,22,19112,7432,87,38683,5696,16547,0
04-May-21,2021-05-04,Deceased,3786,0,82,0,41,105,11,210,0,0,338,52,131,153,48,37,132,288,57,3,0,98,891,2,0,0,0,15,17,173,154,1,144,59,1,351,85,107,0
05-May-21,2021-05-05,Confirmed,412624,42,22204,220,4826,14836,817,15157,170,0,20960,3496,12955,15416,3842,4716,5770,50112,41953,251,127,12319,57640,397,269,238,287,9889,1819,7953,16815,221,23310,6361,240,31111,7783,18102,0
05-May-21,2021-05-05,Recovered,330718,49,11128,76,2916,11726,610,10152,228,0,19209,2192,12995,10640,1480,2338,5804,26841,23106,131,160,9643,57006,121,147,137,33,6176,933,6701,17022,89,20062,8126,59,40852,4757,17073,0
05-May-21,2021-05-05,Deceased,3979,1,85,0,55,61,14,253,0,0,311,71,133,181,32,52,141,346,58,0,1,71,920,10,6,0,3,16,18,180,155,4,167,51,0,353,127,103,0
06-May-21,2021-05-06,Confirmed,414280,32,21954,222,4936,15126,759,13846,163,0,19133,3869,12545,14840,3942,4926,6974,49058,42464,98,152,12421,62194,380,347,170,267,10521,1510,8841,17532,264,24898,6026,300,26622,8517,18431,0
06-May-21,2021-05-06,Recovered,328349,30,10141,140,2976,13364,693,11600,136,0,20028,2023,13021,12246,2046,2836,5740,18943,27152,160,134,12965,63842,33,129,46,38,6854,779,5126,16044,50,21546,6551,75,28902,4548,17412,0
06-May-21,2021-05-06,Deceased,3923,1,72,0,46,90,9,212,0,0,335,58,123,177,45,52,133,328,63,0,1,86,853,13,2,0,3,17,18,154,161,3,195,52,3,350,151,117,0
07-May-21,2021-05-07,Confirmed,406901,56,17188,168,5626,13466,890,13628,121,0,19832,4195,12064,13867,4177,5443,5973,48781,38460,114,101,11708,54022,600,297,183,309,12238,1746,8297,18231,268,26465,11451,315,27763,9642,19216,0
07-May-21,2021-05-07,Recovered,327675,72,12749,132,3262,13489,797,13624,210,0,19085,2175,13085,13584,2376,2752,5293,28623,26662,145,118,4815,37386,83,176,108,112,8401,1079,4976,16930,123,22381,17183,149,33117,4643,17780,0
07-May-21,2021-05-07,Deceased,4233,0,73,1,47,62,8,208,0,0,341,56,119,162,56,50,136,592,54,1,1,84,898,2,6,0,1,19,19,165,164,2,197,87,1,372,137,112,0
08-May-21,2021-05-08,Confirmed,403808,30,20065,244,5756,12948,870,12239,137,0,17364,3751,11892,14667,5424,4788,6112,47563,41971,156,127,11598,56578,442,375,235,333,11807,1703,9042,17987,200,27397,5186,359,26636,8390,19436,0
08-May-21,2021-05-08,Recovered,386395,26,19272,135,3053,14962,861,12198,172,0,20160,3025,14737,14366,3013,2500,5953,34881,27456,143,215,4445,82266,85,152,124,19,7664,1177,6647,17667,65,23110,7994,117,34721,4771,18243,0
08-May-21,2021-05-08,Deceased,4092,2,96,0,50,76,9,223,0,0,332,55,119,155,37,60,141,482,64,1,0,90,864,12,11,0,15,21,19,171,160,5,241,38,1,297,118,127,0
09-May-21,2021-05-09,Confirmed,366455,26,22164,119,3299,11259,895,9120,90,0,13336,2633,11084,13548,3093,5190,4169,47930,35801,138,125,11051,48401,579,418,168,237,10635,1633,8436,17921,227,28897,4976,351,23175,5890,19441,0
09-May-21,2021-05-09,Recovered,353777,32,18832,188,4045,13364,879,13243,222,0,14738,3078,14770,12639,2459,2423,6461,31796,29318,105,148,4538,60226,135,179,172,128,8541,1158,5850,16880,116,23515,7646,132,34636,2731,18454,0
09-May-21,2021-05-09,Deceased,3749,2,92,0,48,67,10,189,0,0,273,67,121,151,55,54,97,490,68,2,0,86,572,15,18,2,3,19,26,191,159,2,236,35,1,294,180,124,0
10-May-21,2021-05-10,Confirmed,329491,31,14986,205,5803,10174,863,11867,63,0,12651,2804,11592,12718,4359,3614,6187,39305,27487,112,101,9715,37236,424,409,73,133,10031,1266,8549,16487,46,28978,4826,133,21277,5541,19445,0
10-May-21,2021-05-10,Recovered,355930,37,16167,179,4231,15800,714,13138,193,0,13306,2367,14931,16192,2355,2855,6962,32188,31209,106,124,7324,61607,87,241,165,47,9706,1108,6894,13499,139,20904,7754,130,29709,4887,18675,0
10-May-21,2021-05-10,Deceased,3879,2,84,4,77,75,7,172,0,0,319,50,117,161,53,56,129,596,65,2,1,81,549,13,5,3,10,17,23,198,160,2,232,32,4,278,168,134,0
11-May-21,2021-05-11,Confirmed,348555,28,20345,205,6258,10920,787,9717,139,0,12481,3124,10990,11637,4977,4352,4365,39510,37290,135,105,9754,40956,592,450,172,269,9793,2049,8594,16080,241,29272,4801,466,20445,7120,20136,0
11-May-21,2021-05-11,Recovered,355398,24,14502,232,4409,13852,805,12786,204,0,13583,2475,15198,15728,3099,3537,7631,22584,32978,130,104,9517,71966,195,206,82,45,7564,1359,7324,13198,34,19182,7430,150,29358,4933,18994,0
11-May-21,2021-05-11,Deceased,4198,0,108,4,85,72,10,199,0,0,347,75,118,144,64,65,103,480,79,0,0,94,793,20,9,0,6,18,30,214,169,8,298,32,3,301,118,132,0
12-May-21,2021-05-12,Confirmed,362632,44,21452,279,5657,9863,776,10150,104,0,13287,2865,11017,12490,4977,4509,4362,39998,43529,243,115,8970,46781,666,406,240,338,10982,2007,8271,16384,227,30355,4723,416,18023,7749,20377,0
12-May-21,2021-05-12,Recovered,352005,26,19095,108,3880,12265,859,9035,161,0,14071,2840,15264,14264,2187,3603,8331,34752,34600,147,87,10324,58805,358,314,118,98,8547,1247,4971,12840,93,19508,5695,137,27139,7005,19231,0
12-May-21,2021-05-12,Deceased,4128,3,89,1,71,74,14,153,0,0,300,70,102,165,66,65,97,516,95,1,1,84,816,17,8,1,9,17,27,193,164,6,293,31,9,326,109,135,0
13-May-21,2021-05-13,Confirmed,343005,40,22399,256,5468,7752,760,9121,100,0,10489,2491,10742,12286,4937,4356,4991,35297,39955,109,193,8419,42582,560,591,141,366,10649,1942,8410,15867,231,30621,4693,480,17745,7127,20839,0
13-May-21,2021-05-13,Recovered,344676,38,18638,180,4219,11008,837,12274,132,0,15189,2266,15269,16041,3817,2995,6882,34057,33733,106,117,10157,54535,253,228,85,91,8665,912,8237,12929,142,19287,6876,127,19425,5748,19181,0
13-May-21,2021-05-13,Deceased,4000,2,89,3,75,90,10,195,0,0,308,63,109,163,63,55,108,344,97,3,2,74,850,10,18,0,12,19,24,186,159,9,297,33,2,277,122,129,0
14-May-21,2021-05-14,Confirmed,326256,32,22018,263,4078,7494,650,7594,54,0,8506,2455,9995,10608,3044,3027,3776,41779,34694,240,173,8087,39923,726,627,201,275,12390,1974,8035,14289,232,31892,4305,552,15647,5775,20846,0
14-May-21,2021-05-14,Recovered,353200,12,19177,223,4168,14131,925,10908,189,0,14140,2960,15365,14577,3375,3814,7112,35879,31319,231,102,11671,53249,381,327,206,66,9329,1088,8446,13270,169,20037,6361,200,26179,4483,19131,0
14-May-21,2021-05-14,Deceased,3889,2,96,5,76,77,8,172,0,0,289,61,104,164,67,60,76,373,93,2,0,88,695,16,12,0,13,22,30,180,155,6,288,29,2,311,181,136,0
15-May-21,2021-05-15,Confirmed,310757,26,22517,249,5347,7336,660,7664,80,0,6430,1957,9061,9676,4145,3677,3157,41664,32680,177,82,7571,34848,730,560,122,304,11805,1598,6771,13565,215,33658,4298,449,12513,5654,19511,0
15-May-21,2021-05-15,Recovered,362547,42,18739,199,3254,14340,963,13098,189,0,11592,3512,15076,12593,4138,4140,6762,34425,29442,180,95,11973,59073,403,215,87,53,10781,1774,8125,17481,201,20905,6026,250,28404,4806,19211,0
15-May-21,2021-05-15,Deceased,4077,0,98,1,63,73,8,129,0,0,337,58,95,144,56,63,65,349,96,2,0,72,960,10,21,0,6,21,20,216,149,5,303,32,3,281,197,144,0
16-May-21,2021-05-16,Confirmed,281837,35,24171,180,3650,6894,664,4888,87,0,6456,1314,8210,9115,2378,4141,2321,31531,29704,119,117,7106,34389,677,569,180,241,11732,1961,6950,10290,340,33181,3816,761,10505,4047,19117,0
16-May-21,2021-05-16,Recovered,378526,16,21101,168,4225,14202,857,11552,150,0,9706,3793,14483,14856,4974,3934,7119,36475,34296,122,146,12345,59318,399,354,189,108,12077,1491,9059,24440,252,21317,5892,126,24837,5034,19113,0
16-May-21,2021-05-16,Deceased,4098,3,101,3,56,89,10,144,0,0,262,43,82,139,70,59,48,403,89,0,1,79,974,16,19,1,13,19,32,202,156,2,311,27,2,308,188,147,0
17-May-21,2021-05-17,Confirmed,263021,35,18561,304,6394,5920,620,6577,37,0,4524,1562,7135,7488,3546,3344,2507,38603,21402,130,219,5921,26616,330,634,150,273,10757,1446,6881,11597,70,33075,3961,335,9345,3719,19003,0
17-May-21,2021-05-17,Recovered,422391,46,17334,214,4737,11216,876,13865,90,0,10918,4008,12342,14279,3760,4042,5463,34635,99651,134,129,11513,48211,455,237,245,104,11821,1701,8552,29459,224,20486,5559,292,23045,3647,19101,0
17-May-21,2021-05-17,Deceased,4334,1,109,4,92,96,6,149,0,0,340,53,81,114,58,73,60,476,87,0,0,77,1000,14,16,2,7,22,28,191,157,5,335,30,10,271,223,147,0
18-May-21,2021-05-18,Confirmed,267246,36,21320,356,5835,6286,526,6477,43,0,4482,1358,6447,7774,2892,3967,2925,30309,31337,202,226,5412,28438,624,906,239,365,10321,1797,7066,8398,209,33059,3982,746,8673,4785,19428,0
18-May-21,2021-05-18,Recovered,389758,30,21274,302,4311,11174,867,12098,99,0,9403,3120,9557,14897,4565,3823,4859,58395,45926,156,151,11358,52898,337,470,162,192,10242,1670,8174,25160,94,21362,5186,269,21108,7019,19050,0
18-May-21,2021-05-18,Deceased,4529,3,99,2,73,111,6,153,0,0,265,45,67,124,78,71,62,525,97,5,1,70,1291,20,19,3,12,22,33,231,146,2,364,27,4,255,98,145,0
19-May-21,2021-05-19,Confirmed,276193,35,23160,337,6143,6059,414,5680,22,0,3846,1209,5246,6818,3396,3969,1894,34281,32762,134,254,5065,34031,582,872,184,244,11099,1759,6302,9849,272,34875,3837,879,7186,4492,19006,0
19-May-21,2021-05-19,Recovered,369005,26,24819,148,4057,12043,870,10048,101,0,9427,2160,9001,11821,3091,4338,4528,49951,48413,127,59,10337,51457,347,411,177,215,10036,1555,7872,16039,222,23863,4976,317,19669,7333,19151,0
19-May-21,2021-05-19,Deceased,3877,3,106,2,89,104,9,146,0,0,235,31,71,153,69,62,53,468,112,1,3,88,594,23,24,1,6,21,29,208,139,2,365,25,5,280,193,157,0
20-May-21,2021-05-20,Confirmed,259242,49,22610,360,6573,5871,404,5212,40,0,3231,1582,4773,6457,2648,4169,2056,28869,30491,107,290,4952,29911,644,1183,192,326,11498,1957,5469,7680,249,35579,3660,720,6681,3658,19091,0
20-May-21,2021-05-20,Recovered,357173,16,23098,214,3071,9977,891,9501,55,0,7831,3694,8308,14734,4257,4042,4326,52257,44369,106,97,9746,47371,546,465,136,218,9870,1304,8736,16705,216,25368,4826,316,13590,8006,18910,0
20-May-21,2021-05-20,Deceased,4209,1,114,0,74,98,10,113,0,0,233,44,64,129,65,67,60,548,128,1,2,88,984,11,10,0,11,25,28,191,127,3,397,23,3,236,159,162,0
21-May-21,2021-05-21,Confirmed,257299,31,20937,394,6066,5154,406,4943,27,0,3009,1625,4251,5643,2662,3848,2151,32218,29673,121,345,4384,29644,656,828,288,309,12523,1702,5253,6225,317,36184,3464,863,7682,3626,19847,0
21-May-21,2021-05-21,Recovered,357625,16,20811,206,4987,10151,790,9867,95,0,7288,3075,8783,13486,4535,4466,4117,52581,41032,110,177,9405,44493,1247,419,114,225,10881,2017,8652,18264,261,24478,4801,379,17668,8731,19017,0
21-May-21,2021-05-21,Deceased,4194,2,104,3,81,98,14,96,0,0,252,30,65,112,57,43,46,353,142,1,2,79,1263,15,25,0,13,27,26,172,129,3,467,25,2,172,116,159,0
22-May-21,2021-05-22,Confirmed,240897,31,19981,314,5980,4375,392,4328,34,0,2260,1647,4205,5021,2341,3408,2037,31183,28514,131,317,3844,26133,757,1123,274,252,11108,1445,5297,6103,287,35873,3308,864,5964,2903,18863,0
22-May-21,2021-05-22,Recovered,355138,24,18336,291,4659,8676,790,10131,72,0,6453,2693,8445,11327,5021,4117,3929,61766,45400,211,143,9327,40294,652,509,215,214,10601,2011,7363,15464,267,25776,4723,332,17540,8164,19202,0
22-May-21,2021-05-22,Deceased,3739,3,118,3,79,103,12,103,0,0,182,39,54,98,55,48,41,451,176,3,2,89,682,13,21,1,13,26,30,201,115,1,448,21,2,218,134,154,0
23-May-21,2021-05-23,Confirmed,222834,24,18767,226,3563,4002,360,3306,30,0,1649,1621,3794,4400,1309,3308,1345,25979,25820,130,193,3375,26672,767,803,214,223,12852,1448,5021,6521,324,35483,2242,876,4715,3050,18422,0
23-May-21,2021-05-23,Recovered,302253,32,20109,260,5785,8111,741,7980,62,0,5158,2545,8734,9480,4059,4956,4375,35573,37316,122,141,7587,29177,609,553,103,137,11627,1903,8527,16520,198,25196,4693,196,14086,6173,19429,0
23-May-21,2021-05-23,Deceased,4454,2,104,3,72,107,10,92,0,0,189,42,53,97,59,51,37,624,188,2,0,75,1320,14,22,2,14,28,34,192,113,3,422,19,6,231,71,156,0
24-May-21,2021-05-24,Confirmed,195857,9,12994,480,6221,2844,245,4209,16,0,1550,1401,3187,3757,1949,2237,1394,25311,17821,125,236,2936,22122,538,811,112,191,11059,922,4481,4414,101,34867,3043,426,3894,2071,17883,0
24-May-21,2021-05-24,Recovered,326737,22,18373,248,5252,5500,684,8985,46,0,4375,2362,9305,8359,3686,3999,3291,57333,36039,184,124,6989,42320,611,679,180,137,11614,1915,6803,16654,224,27026,4305,474,11918,7051,19670,0
24-May-21,2021-05-24,Deceased,3509,1,96,4,84,93,7,60,0,0,207,38,45,95,61,45,33,529,196,0,0,60,592,17,26,0,12,32,23,187,103,8,404,21,2,153,122,153,0
25-May-21,2021-05-25,Confirmed,208992,25,15284,429,5767,3306,258,3506,34,0,1568,1549,3255,2817,1999,2964,1247,22758,29803,278,264,2422,24136,824,957,289,276,10939,1237,4756,3404,278,34285,3821,773,3723,2756,17005,0
25-May-21,2021-05-25,Recovered,295264,49,20917,231,4783,6015,618,7893,51,0,4251,2082,9676,6720,3067,3623,3155,38224,33397,179,104,7373,36176,468,755,141,161,11769,1571,6451,15635,87,28745,4298,427,10441,6674,19057,0
25-May-21,2021-05-25,Deceased,4160,2,106,2,92,104,5,77,0,0,156,39,44,128,60,53,20,588,177,1,2,68,1137,15,19,1,18,33,26,174,105,5,468,23,5,157,93,157,0
26-May-21,2021-05-26,Confirmed,211510,23,18285,374,5699,2603,224,2829,14,0,1491,1487,3085,3138,1365,3037,977,26811,28798,235,118,2182,24752,847,846,316,260,11623,1321,4004,3886,295,33764,3762,667,3176,2991,16225,0
26-May-21,2021-05-26,Recovered,283054,29,24105,190,6266,6641,706,5767,53,0,3952,1363,10007,5476,2196,4023,2403,40738,35525,130,190,7479,23065,379,752,132,131,10635,1927,6397,13192,242,29717,3816,965,10540,4854,19071,0
26-May-21,2021-05-26,Deceased,3843,2,99,3,90,99,8,56,0,0,130,39,36,106,44,40,19,530,151,2,0,72,992,10,10,0,12,35,27,185,107,2,475,20,3,193,93,153,0
27-May-21,2021-05-27,Confirmed,186075,16,16167,444,5704,2568,200,2824,11,0,1072,1504,2869,2322,1472,2769,695,24214,24166,141,135,1977,21273,813,809,206,228,6736,1137,3854,3454,408,33361,3614,542,3178,2146,13046,0
27-May-21,2021-05-27,Recovered,271002,18,21385,254,4784,5015,637,6815,27,0,3725,1557,9302,5679,3409,4352,1778,31459,30539,145,180,6845,34370,576,597,195,195,11551,1486,5995,10396,224,30063,3961,1066,6995,6306,19121,0
27-May-21,2021-05-27,Deceased,3659,1,104,2,83,98,7,69,0,0,117,39,33,98,59,37,16,476,181,4,2,70,884,18,12,0,11,34,20,177,85,1,474,18,6,187,88,148,0
28-May-21,2021-05-28,Confirmed,174083,19,14429,497,5436,1785,161,2840,235,0,1141,1055,2521,2007,1523,2803,687,22823,22318,124,178,1854,20740,732,731,239,192,7216,1223,3706,2648,420,31079,3527,783,2276,1942,12193,0
28-May-21,2021-05-28,Recovered,285332,39,20746,333,5760,5362,526,5261,339,0,2799,1396,7965,5025,3150,3637,1982,52252,26270,172,268,5796,31671,579,941,156,134,11954,1779,6797,11177,227,31255,3982,1033,8145,7028,19396,0
28-May-21,2021-05-28,Deceased,3611,4,103,2,80,61,6,67,0,0,139,32,27,96,64,56,20,401,194,2,1,63,973,13,20,1,5,33,21,176,78,3,486,19,6,154,60,145,0
29-May-21,2021-05-29,Confirmed,165282,28,13756,461,5613,1491,163,2437,7,0,956,963,2230,1868,1262,2253,823,20628,23513,138,89,1640,20295,1007,613,277,156,7188,996,3036,2314,273,30016,2982,595,2014,1687,11514,0
29-May-21,2021-05-29,Recovered,264483,30,20392,394,3905,5168,450,6391,32,0,2380,1206,7109,3752,2738,4334,1647,42443,28100,141,218,4995,31964,564,890,220,156,11513,1718,5698,8108,231,31759,3837,878,7902,4446,18774,0
29-May-21,2021-05-29,Deceased,3463,0,104,3,77,48,5,64,0,0,122,27,29,97,30,46,13,492,198,0,2,68,832,15,7,0,7,35,21,125,70,4,486,21,13,155,99,148,0
30-May-21,2021-05-30,Confirmed,153396,20,13400,172,3245,1475,182,1655,14,0,946,645,1871,1452,861,2256,703,20378,19894,49,297,1476,18600,1032,742,329,192,9541,930,2584,2298,264,28864,1801,854,1864,1226,11284,0
30-May-21,2021-05-30,Recovered,237664,23,21133,306,5690,4130,509,5271,29,0,1803,1663,5146,3370,2869,3805,1724,28053,29013,96,137,5059,22532,563,974,98,109,11881,1895,5371,9636,130,32982,3660,722,6713,1927,18642,0
30-May-21,2021-05-30,Deceased,3130,1,94,1,55,52,5,37,0,0,78,28,25,89,41,29,19,381,186,1,1,60,814,17,13,1,13,33,21,127,66,3,493,16,9,138,41,142,0
31-May-21,2021-05-31,Confirmed,126883,21,7943,322,4348,1113,124,2163,63,0,648,602,1681,1246,865,1525,831,16604,12300,165,149,1205,15077,869,408,99,117,8313,627,2192,1498,146,27936,2524,394,1472,1156,10137,0
31-May-21,2021-05-31,Recovered,255125,36,19845,350,5037,3196,483,5651,68,0,1622,1825,4721,3671,2167,4070,1816,44473,28525,105,483,5023,33000,546,977,253,215,10405,1629,4904,8000,83,31223,3464,873,5491,3039,17856,0
31-May-21,2021-05-31,Deceased,2783,1,98,0,65,59,8,32,0,0,86,24,18,82,16,37,13,411,174,1,1,48,500,14,14,4,0,35,18,118,68,3,478,18,6,151,51,131,0
01-Jun-21,2021-06-01,Confirmed,133152,13,11303,370,4682,1174,108,1886,31,0,623,903,1561,1233,921,1895,609,14304,19760,88,89,1078,14123,798,467,312,174,8735,979,2149,1002,309,26513,2493,841,1221,981,9424,0
01-Jun-21,2021-06-01,Recovered,231397,26,18257,352,4992,3100,389,4471,46,0,1423,1777,4869,3453,2097,3682,1449,29271,24117,120,322,4120,35949,629,760,133,373,11095,1403,5039,6114,334,31673,3308,845,5625,2062,17722,0
01-Jun-21,2021-06-01,Deceased,3205,3,104,1,51,59,5,29,0,0,62,22,22,80,38,32,9,464,194,1,0,45,854,18,14,2,9,37,14,99,65,4,490,15,6,175,45,137,0
02-Jun-21,2021-06-02,Confirmed,134044,25,12768,376,4178,1158,134,1792,17,0,576,706,1333,1171,891,1718,532,16387,19661,91,169,991,15169,729,532,235,218,8399,867,2214,1276,250,25317,2384,571,1283,1003,8923,0
02-Jun-21,2021-06-02,Recovered,211890,36,15612,329,4389,2772,361,3244,62,0,1287,1711,4098,2705,1292,3391,1272,21199,29708,140,266,4113,29270,622,711,147,94,10594,1393,4426,6038,136,32263,2242,864,4939,2778,17386,0
02-Jun-21,2021-06-02,Deceased,2898,1,98,2,61,46,3,40,0,0,103,22,18,78,29,24,11,463,213,1,2,45,553,14,24,2,27,40,17,99,65,3,483,17,6,115,38,135,0
03-Jun-21,2021-06-03,Confirmed,132424,27,11421,364,4309,1106,111,1619,27,0,487,572,1207,980,995,1801,1015,18324,18853,113,144,846,15229,621,552,225,168,8839,815,2144,1258,289,24405,2261,677,1220,589,8811,0
03-Jun-21,2021-06-03,Recovered,206722,39,16223,337,4790,2238,226,3854,34,0,1058,1695,3018,2889,1891,2694,775,24036,26569,137,256,3746,25617,783,594,108,284,10434,950,4512,6456,205,32221,3043,458,4260,3354,16938,0
03-Jun-21,2021-06-03,Deceased,2717,0,81,1,46,28,1,22,0,0,45,17,17,71,23,29,10,514,153,2,0,50,643,10,9,2,5,42,16,92,44,3,460,18,9,108,38,108,0
04-Jun-21,2021-06-04,Confirmed,120454,18,10413,404,4548,991,88,1460,47,0,523,576,1120,895,787,1723,478,16068,16229,122,89,798,14152,791,584,205,147,7729,712,2005,1006,353,22651,2175,650,1112,892,7913,0
04-Jun-21,2021-06-04,Recovered,197763,32,15469,415,4263,2090,215,3838,47,0,1161,1160,3398,2456,2030,2731,1170,22316,25860,272,234,2045,20852,592,808,214,148,11347,1215,4314,4370,262,33646,3821,763,3646,4006,16557,0
04-Jun-21,2021-06-04,Deceased,3372,2,83,3,54,23,3,23,0,0,50,17,16,73,27,34,13,364,135,1,1,50,1377,14,18,2,12,39,18,87,40,3,463,15,5,136,58,113,0
05-Jun-21,2021-06-05,Confirmed,114486,17,10373,327,3781,1007,98,1356,12,0,414,567,996,723,818,1448,517,13800,17328,71,99,718,13659,717,497,236,309,7395,613,1878,942,253,21410,2070,708,1028,619,7682,0
05-Jun-21,2021-06-05,Recovered,189343,24,15958,402,3099,1667,175,3408,10,0,1683,1433,3004,1744,1102,2615,1098,25346,24003,254,143,2225,21776,740,801,335,177,7616,1312,3619,3364,283,32472,3762,670,4346,2531,16146,0
05-Jun-21,2021-06-05,Deceased,2682,1,80,1,44,21,3,30,0,0,60,17,15,59,19,25,12,365,209,1,2,38,741,9,9,4,6,40,12,82,32,2,443,18,11,120,33,118,0